{"name":"nuxt-spa","short_name":"nuxt-spa","description":"My extraordinary Nuxt.js project","publicPath":"//_nuxt/","icons":[{"src":"/_nuxt/icons/icon_64.9mld2VBMsQ$.png","sizes":"64x64","type":"image/png"},{"src":"/_nuxt/icons/icon_120.9mld2VBMsQ$.png","sizes":"120x120","type":"image/png"},{"src":"/_nuxt/icons/icon_144.9mld2VBMsQ$.png","sizes":"144x144","type":"image/png"},{"src":"/_nuxt/icons/icon_152.9mld2VBMsQ$.png","sizes":"152x152","type":"image/png"},{"src":"/_nuxt/icons/icon_192.9mld2VBMsQ$.png","sizes":"192x192","type":"image/png"},{"src":"/_nuxt/icons/icon_384.9mld2VBMsQ$.png","sizes":"384x384","type":"image/png"},{"src":"/_nuxt/icons/icon_512.9mld2VBMsQ$.png","sizes":"512x512","type":"image/png"}],"start_url":"/?standalone=true","display":"standalone","background_color":"#ffffff","theme_color":"#fff","lang":"en"}